{
  "owner": "Fubaxiusz",
  "name": "fubax-shaders",
  "branch": "master",
  "always_install": false,
  "reset": 1682002384,
  "shaders": [
    {
      "path": "Shaders/AspectRatio.fx",
      "url": "https://raw.githubusercontent.com/Fubaxiusz/fubax-shaders/master/Shaders/AspectRatio.fx"
    },
    {
      "path": "Shaders/BeforeAfter.fx",
      "url": "https://raw.githubusercontent.com/Fubaxiusz/fubax-shaders/master/Shaders/BeforeAfter.fx"
    },
    {
      "path": "Shaders/BlueNoiseMotionBlur.fx",
      "url": "https://raw.githubusercontent.com/Fubaxiusz/fubax-shaders/master/Shaders/BlueNoiseMotionBlur.fx"
    },
    {
      "path": "Shaders/CheckerboardInterlace.fx",
      "url": "https://raw.githubusercontent.com/Fubaxiusz/fubax-shaders/master/Shaders/CheckerboardInterlace.fx"
    },
    {
      "path": "Shaders/Chromakey.fx",
      "url": "https://raw.githubusercontent.com/Fubaxiusz/fubax-shaders/master/Shaders/Chromakey.fx"
    },
    {
      "path": "Shaders/ColorAndDither.fxh",
      "url": "https://raw.githubusercontent.com/Fubaxiusz/fubax-shaders/master/Shaders/ColorAndDither.fxh"
    },
    {
      "path": "Shaders/ContrastSharpening.fx",
      "url": "https://raw.githubusercontent.com/Fubaxiusz/fubax-shaders/master/Shaders/ContrastSharpening.fx"
    },
    {
      "path": "Shaders/Cursor.fx",
      "url": "https://raw.githubusercontent.com/Fubaxiusz/fubax-shaders/master/Shaders/Cursor.fx"
    },
    {
      "path": "Shaders/FilmicAnamorphSharpen.fx",
      "url": "https://raw.githubusercontent.com/Fubaxiusz/fubax-shaders/master/Shaders/FilmicAnamorphSharpen.fx"
    },
    {
      "path": "Shaders/FilmicSharpen.fx",
      "url": "https://raw.githubusercontent.com/Fubaxiusz/fubax-shaders/master/Shaders/FilmicSharpen.fx"
    },
    {
      "path": "Shaders/Flipbook.fx",
      "url": "https://raw.githubusercontent.com/Fubaxiusz/fubax-shaders/master/Shaders/Flipbook.fx"
    },
    {
      "path": "Shaders/Image.fx",
      "url": "https://raw.githubusercontent.com/Fubaxiusz/fubax-shaders/master/Shaders/Image.fx"
    },
    {
      "path": "Shaders/Interlaced.fx",
      "url": "https://raw.githubusercontent.com/Fubaxiusz/fubax-shaders/master/Shaders/Interlaced.fx"
    },
    {
      "path": "Shaders/LUTTools.fx",
      "url": "https://raw.githubusercontent.com/Fubaxiusz/fubax-shaders/master/Shaders/LUTTools.fx"
    },
    {
      "path": "Shaders/LensDistort.fx",
      "url": "https://raw.githubusercontent.com/Fubaxiusz/fubax-shaders/master/Shaders/LensDistort.fx"
    },
    {
      "path": "Shaders/Letterbox.fx",
      "url": "https://raw.githubusercontent.com/Fubaxiusz/fubax-shaders/master/Shaders/Letterbox.fx"
    },
    {
      "path": "Shaders/PerfectPerspective.fx",
      "url": "https://raw.githubusercontent.com/Fubaxiusz/fubax-shaders/master/Shaders/PerfectPerspective.fx"
    },
    {
      "path": "Shaders/Prism.fx",
      "url": "https://raw.githubusercontent.com/Fubaxiusz/fubax-shaders/master/Shaders/Prism.fx"
    },
    {
      "path": "Shaders/SimpleGrain.fx",
      "url": "https://raw.githubusercontent.com/Fubaxiusz/fubax-shaders/master/Shaders/SimpleGrain.fx"
    },
    {
      "path": "Shaders/SunsetFilter.fx",
      "url": "https://raw.githubusercontent.com/Fubaxiusz/fubax-shaders/master/Shaders/SunsetFilter.fx"
    },
    {
      "path": "Shaders/TiltShift.fx",
      "url": "https://raw.githubusercontent.com/Fubaxiusz/fubax-shaders/master/Shaders/TiltShift.fx"
    }
  ],
  "textures": [
    {
      "path": "Textures/AspectRatio.jpg",
      "url": "https://raw.githubusercontent.com/Fubaxiusz/fubax-shaders/master/Textures/AspectRatio.jpg"
    },
    {
      "path": "Textures/bluenoise.png",
      "url": "https://raw.githubusercontent.com/Fubaxiusz/fubax-shaders/master/Textures/bluenoise.png"
    },
    {
      "path": "Textures/cursor.png",
      "url": "https://raw.githubusercontent.com/Fubaxiusz/fubax-shaders/master/Textures/cursor.png"
    },
    {
      "path": "Textures/image.png",
      "url": "https://raw.githubusercontent.com/Fubaxiusz/fubax-shaders/master/Textures/image.png"
    },
    {
      "path": "Textures/waow.png",
      "url": "https://raw.githubusercontent.com/Fubaxiusz/fubax-shaders/master/Textures/waow.png"
    }
  ]
}