{
  "owner": "luluco250",
  "name": "FXShaders",
  "branch": "master",
  "always_install": true,
  "reset": 1682002384,
  "shaders": [
    {
      "path": "Shaders/ACES.fxh",
      "url": "https://raw.githubusercontent.com/luluco250/FXShaders/master/Shaders/ACES.fxh"
    },
    {
      "path": "Shaders/AdaptiveTonemapper.fx",
      "url": "https://raw.githubusercontent.com/luluco250/FXShaders/master/Shaders/AdaptiveTonemapper.fx"
    },
    {
      "path": "Shaders/ArcaneBloom.fx",
      "url": "https://raw.githubusercontent.com/luluco250/FXShaders/master/Shaders/ArcaneBloom.fx"
    },
    {
      "path": "Shaders/ArcaneBloom.fxh",
      "url": "https://raw.githubusercontent.com/luluco250/FXShaders/master/Shaders/ArcaneBloom.fxh"
    },
    {
      "path": "Shaders/ArtisticVignette.fx",
      "url": "https://raw.githubusercontent.com/luluco250/FXShaders/master/Shaders/ArtisticVignette.fx"
    },
    {
      "path": "Shaders/AspectRatioSuite.fx",
      "url": "https://raw.githubusercontent.com/luluco250/FXShaders/master/Shaders/AspectRatioSuite.fx"
    },
    {
      "path": "Shaders/CRT_Lottes.fx",
      "url": "https://raw.githubusercontent.com/luluco250/FXShaders/master/Shaders/CRT_Lottes.fx"
    },
    {
      "path": "Shaders/CRT_Lottes.fxh",
      "url": "https://raw.githubusercontent.com/luluco250/FXShaders/master/Shaders/CRT_Lottes.fxh"
    },
    {
      "path": "Shaders/CRT_Yee64.fx",
      "url": "https://raw.githubusercontent.com/luluco250/FXShaders/master/Shaders/CRT_Yee64.fx"
    },
    {
      "path": "Shaders/CRT_Yeetron.fx",
      "url": "https://raw.githubusercontent.com/luluco250/FXShaders/master/Shaders/CRT_Yeetron.fx"
    },
    {
      "path": "Shaders/Checkerboard.fx",
      "url": "https://raw.githubusercontent.com/luluco250/FXShaders/master/Shaders/Checkerboard.fx"
    },
    {
      "path": "Shaders/ColorLab.fx",
      "url": "https://raw.githubusercontent.com/luluco250/FXShaders/master/Shaders/ColorLab.fx"
    },
    {
      "path": "Shaders/ColorLab.fxh",
      "url": "https://raw.githubusercontent.com/luluco250/FXShaders/master/Shaders/ColorLab.fxh"
    },
    {
      "path": "Shaders/Cursor.fx",
      "url": "https://raw.githubusercontent.com/luluco250/FXShaders/master/Shaders/Cursor.fx"
    },
    {
      "path": "Shaders/DepthAlpha.fx",
      "url": "https://raw.githubusercontent.com/luluco250/FXShaders/master/Shaders/DepthAlpha.fx"
    },
    {
      "path": "Shaders/Dither.fx",
      "url": "https://raw.githubusercontent.com/luluco250/FXShaders/master/Shaders/Dither.fx"
    },
    {
      "path": "Shaders/FXShaders/API.fxh",
      "url": "https://raw.githubusercontent.com/luluco250/FXShaders/master/Shaders/FXShaders/API.fxh"
    },
    {
      "path": "Shaders/FXShaders/AspectRatio.fxh",
      "url": "https://raw.githubusercontent.com/luluco250/FXShaders/master/Shaders/FXShaders/AspectRatio.fxh"
    },
    {
      "path": "Shaders/FXShaders/Blending.fxh",
      "url": "https://raw.githubusercontent.com/luluco250/FXShaders/master/Shaders/FXShaders/Blending.fxh"
    },
    {
      "path": "Shaders/FXShaders/Canvas.fxh",
      "url": "https://raw.githubusercontent.com/luluco250/FXShaders/master/Shaders/FXShaders/Canvas.fxh"
    },
    {
      "path": "Shaders/FXShaders/Common.fxh",
      "url": "https://raw.githubusercontent.com/luluco250/FXShaders/master/Shaders/FXShaders/Common.fxh"
    },
    {
      "path": "Shaders/FXShaders/Convolution.fxh",
      "url": "https://raw.githubusercontent.com/luluco250/FXShaders/master/Shaders/FXShaders/Convolution.fxh"
    },
    {
      "path": "Shaders/FXShaders/Digits.fxh",
      "url": "https://raw.githubusercontent.com/luluco250/FXShaders/master/Shaders/FXShaders/Digits.fxh"
    },
    {
      "path": "Shaders/FXShaders/Dithering.fxh",
      "url": "https://raw.githubusercontent.com/luluco250/FXShaders/master/Shaders/FXShaders/Dithering.fxh"
    },
    {
      "path": "Shaders/FXShaders/KeyCodes.fxh",
      "url": "https://raw.githubusercontent.com/luluco250/FXShaders/master/Shaders/FXShaders/KeyCodes.fxh"
    },
    {
      "path": "Shaders/FXShaders/Math.fxh",
      "url": "https://raw.githubusercontent.com/luluco250/FXShaders/master/Shaders/FXShaders/Math.fxh"
    },
    {
      "path": "Shaders/FXShaders/Tonemap.fxh",
      "url": "https://raw.githubusercontent.com/luluco250/FXShaders/master/Shaders/FXShaders/Tonemap.fxh"
    },
    {
      "path": "Shaders/FXShaders/Transform.fxh",
      "url": "https://raw.githubusercontent.com/luluco250/FXShaders/master/Shaders/FXShaders/Transform.fxh"
    },
    {
      "path": "Shaders/Flashlight.fx",
      "url": "https://raw.githubusercontent.com/luluco250/FXShaders/master/Shaders/Flashlight.fx"
    },
    {
      "path": "Shaders/FlexibleCA.fx",
      "url": "https://raw.githubusercontent.com/luluco250/FXShaders/master/Shaders/FlexibleCA.fx"
    },
    {
      "path": "Shaders/FocalDOF.fx",
      "url": "https://raw.githubusercontent.com/luluco250/FXShaders/master/Shaders/FocalDOF.fx"
    },
    {
      "path": "Shaders/FramerateLimiter.fx",
      "url": "https://raw.githubusercontent.com/luluco250/FXShaders/master/Shaders/FramerateLimiter.fx"
    },
    {
      "path": "Shaders/GrainSpread.fx",
      "url": "https://raw.githubusercontent.com/luluco250/FXShaders/master/Shaders/GrainSpread.fx"
    },
    {
      "path": "Shaders/HexLensFlare.fx",
      "url": "https://raw.githubusercontent.com/luluco250/FXShaders/master/Shaders/HexLensFlare.fx"
    },
    {
      "path": "Shaders/KeyCodes.fxh",
      "url": "https://raw.githubusercontent.com/luluco250/FXShaders/master/Shaders/KeyCodes.fxh"
    },
    {
      "path": "Shaders/LiquidLens.fx",
      "url": "https://raw.githubusercontent.com/luluco250/FXShaders/master/Shaders/LiquidLens.fx"
    },
    {
      "path": "Shaders/MBMB.fx",
      "url": "https://raw.githubusercontent.com/luluco250/FXShaders/master/Shaders/MBMB.fx"
    },
    {
      "path": "Shaders/MagicHDR.fx",
      "url": "https://raw.githubusercontent.com/luluco250/FXShaders/master/Shaders/MagicHDR.fx"
    },
    {
      "path": "Shaders/MinimalColorGrading.fx",
      "url": "https://raw.githubusercontent.com/luluco250/FXShaders/master/Shaders/MinimalColorGrading.fx"
    },
    {
      "path": "Shaders/MultiFX.fx",
      "url": "https://raw.githubusercontent.com/luluco250/FXShaders/master/Shaders/MultiFX.fx"
    },
    {
      "path": "Shaders/NeoBloom.fx",
      "url": "https://raw.githubusercontent.com/luluco250/FXShaders/master/Shaders/NeoBloom.fx"
    },
    {
      "path": "Shaders/NormalMap.fx",
      "url": "https://raw.githubusercontent.com/luluco250/FXShaders/master/Shaders/NormalMap.fx"
    },
    {
      "path": "Shaders/Overlay.fx",
      "url": "https://raw.githubusercontent.com/luluco250/FXShaders/master/Shaders/Overlay.fx"
    },
    {
      "path": "Shaders/PiecewiseFilmicTonemap.fx",
      "url": "https://raw.githubusercontent.com/luluco250/FXShaders/master/Shaders/PiecewiseFilmicTonemap.fx"
    },
    {
      "path": "Shaders/Pong.fx",
      "url": "https://raw.githubusercontent.com/luluco250/FXShaders/master/Shaders/Pong.fx"
    },
    {
      "path": "Shaders/RetroFog.fx",
      "url": "https://raw.githubusercontent.com/luluco250/FXShaders/master/Shaders/RetroFog.fx"
    },
    {
      "path": "Shaders/SCurve.fx",
      "url": "https://raw.githubusercontent.com/luluco250/FXShaders/master/Shaders/SCurve.fx"
    },
    {
      "path": "Shaders/Sketch.fx",
      "url": "https://raw.githubusercontent.com/luluco250/FXShaders/master/Shaders/Sketch.fx"
    },
    {
      "path": "Shaders/TrackingRays.fx",
      "url": "https://raw.githubusercontent.com/luluco250/FXShaders/master/Shaders/TrackingRays.fx"
    },
    {
      "path": "Shaders/UnrealLens.fx",
      "url": "https://raw.githubusercontent.com/luluco250/FXShaders/master/Shaders/UnrealLens.fx"
    },
    {
      "path": "Shaders/Unsharp.fx",
      "url": "https://raw.githubusercontent.com/luluco250/FXShaders/master/Shaders/Unsharp.fx"
    },
    {
      "path": "Shaders/VirtualResolution.fx",
      "url": "https://raw.githubusercontent.com/luluco250/FXShaders/master/Shaders/VirtualResolution.fx"
    },
    {
      "path": "Shaders/WhitepointFixer.fx",
      "url": "https://raw.githubusercontent.com/luluco250/FXShaders/master/Shaders/WhitepointFixer.fx"
    }
  ],
  "textures": [
    {
      "path": "Textures/ArcaneBloom_Dirt.png",
      "url": "https://raw.githubusercontent.com/luluco250/FXShaders/master/Textures/ArcaneBloom_Dirt.png"
    },
    {
      "path": "Textures/Cursor.png",
      "url": "https://raw.githubusercontent.com/luluco250/FXShaders/master/Textures/Cursor.png"
    },
    {
      "path": "Textures/DigitMap.png",
      "url": "https://raw.githubusercontent.com/luluco250/FXShaders/master/Textures/DigitMap.png"
    },
    {
      "path": "Textures/MagicBloom_Dirt.png",
      "url": "https://raw.githubusercontent.com/luluco250/FXShaders/master/Textures/MagicBloom_Dirt.png"
    },
    {
      "path": "Textures/MatCap.png",
      "url": "https://raw.githubusercontent.com/luluco250/FXShaders/master/Textures/MatCap.png"
    },
    {
      "path": "Textures/NeoBloom_LensDirt.png",
      "url": "https://raw.githubusercontent.com/luluco250/FXShaders/master/Textures/NeoBloom_LensDirt.png"
    },
    {
      "path": "Textures/NormalMap.png",
      "url": "https://raw.githubusercontent.com/luluco250/FXShaders/master/Textures/NormalMap.png"
    },
    {
      "path": "Textures/Overlay.png",
      "url": "https://raw.githubusercontent.com/luluco250/FXShaders/master/Textures/Overlay.png"
    },
    {
      "path": "Textures/Pong.png",
      "url": "https://raw.githubusercontent.com/luluco250/FXShaders/master/Textures/Pong.png"
    },
    {
      "path": "Textures/Sketch_Shadow.png",
      "url": "https://raw.githubusercontent.com/luluco250/FXShaders/master/Textures/Sketch_Shadow.png"
    }
  ]
}