{
  "owner": "bituq",
  "name": "NiceGuy-Shaders",
  "branch": "main",
  "always_install": false,
  "reset": 1682002384,
  "shaders": [
    {
      "path": "Shaders/FastSharp.fx",
      "url": "https://raw.githubusercontent.com/bituq/NiceGuy-Shaders/main/Shaders/FastSharp.fx"
    },
    {
      "path": "Shaders/HoleFiller.fx",
      "url": "https://raw.githubusercontent.com/bituq/NiceGuy-Shaders/main/Shaders/HoleFiller.fx"
    },
    {
      "path": "Shaders/NGLighting-Shader.fxh",
      "url": "https://raw.githubusercontent.com/bituq/NiceGuy-Shaders/main/Shaders/NGLighting-Shader.fxh"
    },
    {
      "path": "Shaders/NGLighting.fx",
      "url": "https://raw.githubusercontent.com/bituq/NiceGuy-Shaders/main/Shaders/NGLighting.fx"
    },
    {
      "path": "Shaders/NGLightingUI.fxh",
      "url": "https://raw.githubusercontent.com/bituq/NiceGuy-Shaders/main/Shaders/NGLightingUI.fxh"
    },
    {
      "path": "Shaders/Rim.fx",
      "url": "https://raw.githubusercontent.com/bituq/NiceGuy-Shaders/main/Shaders/Rim.fx"
    },
    {
      "path": "Shaders/Scatter.fx",
      "url": "https://raw.githubusercontent.com/bituq/NiceGuy-Shaders/main/Shaders/Scatter.fx"
    },
    {
      "path": "Shaders/SlowSharp.fx",
      "url": "https://raw.githubusercontent.com/bituq/NiceGuy-Shaders/main/Shaders/SlowSharp.fx"
    },
    {
      "path": "Shaders/Volumetric Fog V2.0.fx",
      "url": "https://raw.githubusercontent.com/bituq/NiceGuy-Shaders/main/Shaders/Volumetric%20Fog%20V2.0.fx"
    },
    {
      "path": "Shaders/VolumetricFog.fx",
      "url": "https://raw.githubusercontent.com/bituq/NiceGuy-Shaders/main/Shaders/VolumetricFog.fx"
    }
  ],
  "textures": []
}